name,url,description,duration,remote_support,adaptive_support,test_type
Account Manager Solution,https://www.shl.com/products/product-catalog/view/account-manager-solution/,If you choose to continue with your current browser we cannot guarantee your experience.,,Yes,Yes,Competencies | Personality & Behavior | Ability & Aptitude | Biodata & Situational Judgement
Administrative Professional - Short Form,https://www.shl.com/products/product-catalog/view/administrative-professional-short-form/,If you choose to continue with your current browser we cannot guarantee your experience.,,Yes,Yes,Ability & Aptitude | Knowledge & Skills | Personality & Behavior
Agency Manager Solution,https://www.shl.com/products/product-catalog/view/agency-manager-solution/,If you choose to continue with your current browser we cannot guarantee your experience.,,Yes,Yes,Ability & Aptitude | Biodata & Situational Judgement | Personality & Behavior | Simulations
Apprentice + 8.0 Job Focused Assessment,https://www.shl.com/products/product-catalog/view/apprentice-8-0-job-focused-assessment-4261/,If you choose to continue with your current browser we cannot guarantee your experience.,,Yes,No,Biodata & Situational Judgement | Personality & Behavior
Apprentice 8.0 Job Focused Assessment,https://www.shl.com/products/product-catalog/view/apprentice-8-0-job-focused-assessment/,If you choose to continue with your current browser we cannot guarantee your experience.,,Yes,No,Biodata & Situational Judgement | Personality & Behavior
Bank Administrative Assistant - Short Form,https://www.shl.com/products/product-catalog/view/bank-administrative-assistant-short-form/,If you choose to continue with your current browser we cannot guarantee your experience.,,Yes,No,Ability & Aptitude | Biodata & Situational Judgement | Knowledge & Skills | Personality & Behavior
Bank Collections Agent - Short Form,https://www.shl.com/products/product-catalog/view/bank-collections-agent-short-form/,If you choose to continue with your current browser we cannot guarantee your experience.,,Yes,No,Ability & Aptitude | Biodata & Situational Judgement | Personality & Behavior
Bank Operations Supervisor - Short Form,https://www.shl.com/products/product-catalog/view/bank-operations-supervisor-short-form/,If you choose to continue with your current browser we cannot guarantee your experience.,,Yes,Yes,Ability & Aptitude | Biodata & Situational Judgement | Personality & Behavior | Simulations
Bilingual Spanish Reservation Agent Solution,https://www.shl.com/products/product-catalog/view/bilingual-spanish-reservation-agent-solution/,If you choose to continue with your current browser we cannot guarantee your experience.,,Yes,Yes,Biodata & Situational Judgement | Personality & Behavior | Simulations | Ability & Aptitude
"Bookkeeping, Accounting, Auditing Clerk Short Form",https://www.shl.com/products/product-catalog/view/bookkeeping-accounting-auditing-clerk-short-form/,If you choose to continue with your current browser we cannot guarantee your experience.,,Yes,Yes,Personality & Behavior | Simulations | Knowledge & Skills | Biodata & Situational Judgement | Ability & Aptitude
Branch Manager - Short Form,https://www.shl.com/products/product-catalog/view/branch-manager-short-form/,If you choose to continue with your current browser we cannot guarantee your experience.,,Yes,No,Ability & Aptitude | Biodata & Situational Judgement | Personality & Behavior
Cashier Solution,https://www.shl.com/products/product-catalog/view/cashier-solution/,If you choose to continue with your current browser we cannot guarantee your experience.,,Yes,Yes,Biodata & Situational Judgement | Ability & Aptitude | Personality & Behavior
Adobe Experience Manager (New),https://www.shl.com/products/product-catalog/view/adobe-experience-manager-new/,If you choose to continue with your current browser we cannot guarantee your experience.,,Yes,No,Knowledge & Skills
Adobe Photoshop CC,https://www.shl.com/products/product-catalog/view/adobe-photoshop-cc/,If you choose to continue with your current browser we cannot guarantee your experience.,,Yes,Yes,Knowledge & Skills
Aeronautical Engineering (New),https://www.shl.com/products/product-catalog/view/aeronautical-engineering-new/,If you choose to continue with your current browser we cannot guarantee your experience.,,Yes,No,Knowledge & Skills
Aerospace Engineering (New),https://www.shl.com/products/product-catalog/view/aerospace-engineering-new/,If you choose to continue with your current browser we cannot guarantee your experience.,,Yes,No,Knowledge & Skills
Agile Software Development,https://www.shl.com/products/product-catalog/view/agile-software-development/,If you choose to continue with your current browser we cannot guarantee your experience.,7.0,Yes,No,Knowledge & Skills
Agile Testing (New),https://www.shl.com/products/product-catalog/view/agile-testing-new/,If you choose to continue with your current browser we cannot guarantee your experience.,,Yes,No,Knowledge & Skills
AI Skills,https://www.shl.com/products/product-catalog/view/ai-skills/,If you choose to continue with your current browser we cannot guarantee your experience.,,Yes,No,Personality & Behavior
Amazon Web Services (AWS) Development (New),https://www.shl.com/products/product-catalog/view/amazon-web-services-aws-development-new/,If you choose to continue with your current browser we cannot guarantee your experience.,,Yes,No,Knowledge & Skills
Android Development (New),https://www.shl.com/products/product-catalog/view/android-development-new/,If you choose to continue with your current browser we cannot guarantee your experience.,,Yes,No,Knowledge & Skills
Angular 6 (New),https://www.shl.com/products/product-catalog/view/angular-6-new/,If you choose to continue with your current browser we cannot guarantee your experience.,,Yes,No,Knowledge & Skills
AngularJS (New),https://www.shl.com/products/product-catalog/view/angularjs-new/,If you choose to continue with your current browser we cannot guarantee your experience.,,Yes,No,Knowledge & Skills
Apache Hadoop (New),https://www.shl.com/products/product-catalog/view/apache-hadoop-new/,If you choose to continue with your current browser we cannot guarantee your experience.,,Yes,No,Knowledge & Skills
Apache Hadoop Extensions (New),https://www.shl.com/products/product-catalog/view/apache-hadoop-extensions-new/,If you choose to continue with your current browser we cannot guarantee your experience.,,Yes,No,Knowledge & Skills
Apache HBase (New),https://www.shl.com/products/product-catalog/view/apache-hbase-new/,If you choose to continue with your current browser we cannot guarantee your experience.,,Yes,No,Knowledge & Skills
Apache Hive (New),https://www.shl.com/products/product-catalog/view/apache-hive-new/,If you choose to continue with your current browser we cannot guarantee your experience.,,Yes,No,Knowledge & Skills
Apache Kafka (New),https://www.shl.com/products/product-catalog/view/apache-kafka-new/,If you choose to continue with your current browser we cannot guarantee your experience.,,Yes,No,Knowledge & Skills
Apache Pig (New),https://www.shl.com/products/product-catalog/view/apache-pig-new/,If you choose to continue with your current browser we cannot guarantee your experience.,,Yes,No,Knowledge & Skills
Apache Spark (New),https://www.shl.com/products/product-catalog/view/apache-spark-new/,If you choose to continue with your current browser we cannot guarantee your experience.,,Yes,No,Knowledge & Skills
ASP .NET with C# (New),https://www.shl.com/products/product-catalog/view/asp-net-with-c-new/,If you choose to continue with your current browser we cannot guarantee your experience.,,Yes,No,Knowledge & Skills
ASP.NET 4.5,https://www.shl.com/products/product-catalog/view/asp-net-4-5/,If you choose to continue with your current browser we cannot guarantee your experience.,,Yes,Yes,Knowledge & Skills
Assessment and Development Center Exercises,https://www.shl.com/products/product-catalog/view/assessment-and-development-center-exercises/,If you choose to continue with your current browser we cannot guarantee your experience.,,Yes,No,Assessment Exercises
Automata - Fix (New),https://www.shl.com/products/product-catalog/view/automata-fix-new/,If you choose to continue with your current browser we cannot guarantee your experience.,,Yes,No,Simulations
Automata - SQL (New),https://www.shl.com/products/product-catalog/view/automata-sql-new/,If you choose to continue with your current browser we cannot guarantee your experience.,,Yes,No,Simulations
Automata (New),https://www.shl.com/products/product-catalog/view/automata-new/,If you choose to continue with your current browser we cannot guarantee your experience.,,Yes,No,Simulations
Automata Data Science (New),https://www.shl.com/products/product-catalog/view/automata-data-science-new/,If you choose to continue with your current browser we cannot guarantee your experience.,,Yes,No,Simulations
Automata Data Science Pro (New),https://www.shl.com/products/product-catalog/view/automata-data-science-pro-new/,If you choose to continue with your current browser we cannot guarantee your experience.,,Yes,No,Simulations
Automata Front End,https://www.shl.com/products/product-catalog/view/automata-front-end/,If you choose to continue with your current browser we cannot guarantee your experience.,30.0,Yes,No,Simulations
Automata Pro (New),https://www.shl.com/products/product-catalog/view/automata-pro-new/,If you choose to continue with your current browser we cannot guarantee your experience.,,Yes,No,Simulations
Automata Selenium,https://www.shl.com/products/product-catalog/view/automata-selenium/,If you choose to continue with your current browser we cannot guarantee your experience.,,Yes,No,Simulations
Automation Anywhere RPA Development (New),https://www.shl.com/products/product-catalog/view/automation-anywhere-rpa-development-new/,If you choose to continue with your current browser we cannot guarantee your experience.,,Yes,No,Knowledge & Skills
Automotive Engineering (New),https://www.shl.com/products/product-catalog/view/automotive-engineering-new/,If you choose to continue with your current browser we cannot guarantee your experience.,,Yes,No,Knowledge & Skills
Basic Biology (New),https://www.shl.com/products/product-catalog/view/basic-biology-new/,If you choose to continue with your current browser we cannot guarantee your experience.,,Yes,No,Knowledge & Skills
Basic Computer Literacy (Windows 10) (New),https://www.shl.com/products/product-catalog/view/basic-computer-literacy-windows-10-new/,If you choose to continue with your current browser we cannot guarantee your experience.,,Yes,No,Simulations | Knowledge & Skills
Basic Statistics (New),https://www.shl.com/products/product-catalog/view/basic-statistics-new/,If you choose to continue with your current browser we cannot guarantee your experience.,,Yes,No,Knowledge & Skills
Biochemistry (New),https://www.shl.com/products/product-catalog/view/biochemistry-new/,If you choose to continue with your current browser we cannot guarantee your experience.,,Yes,No,Knowledge & Skills
Biotech Lab Techniques (New),https://www.shl.com/products/product-catalog/view/biotech-lab-techniques-new/,If you choose to continue with your current browser we cannot guarantee your experience.,,Yes,No,Knowledge & Skills
BizTalk (New),https://www.shl.com/products/product-catalog/view/biztalk-new/,If you choose to continue with your current browser we cannot guarantee your experience.,,Yes,No,Knowledge & Skills
Business Communication (adaptive),https://www.shl.com/products/product-catalog/view/business-communication-adaptive/,If you choose to continue with your current browser we cannot guarantee your experience.,,Yes,Yes,Knowledge & Skills
Business Communications,https://www.shl.com/products/product-catalog/view/business-communications/,If you choose to continue with your current browser we cannot guarantee your experience.,,Yes,No,Knowledge & Skills
C Programming (New),https://www.shl.com/products/product-catalog/view/c-programming-new/,If you choose to continue with your current browser we cannot guarantee your experience.,,Yes,No,Knowledge & Skills
C# Programming (New),https://www.shl.com/products/product-catalog/view/c-programming-new-4039/,If you choose to continue with your current browser we cannot guarantee your experience.,,Yes,No,Knowledge & Skills
C++ Programming (New),https://www.shl.com/products/product-catalog/view/c-programming-new-4122/,If you choose to continue with your current browser we cannot guarantee your experience.,,Yes,No,Knowledge & Skills
Cardiology and Diabetes Management (New),https://www.shl.com/products/product-catalog/view/cardiology-and-diabetes-management-new/,If you choose to continue with your current browser we cannot guarantee your experience.,,Yes,No,Knowledge & Skills
Ceramic Engineering (New),https://www.shl.com/products/product-catalog/view/ceramic-engineering-new/,If you choose to continue with your current browser we cannot guarantee your experience.,,Yes,No,Knowledge & Skills
Chemical Engineering (New),https://www.shl.com/products/product-catalog/view/chemical-engineering-new/,If you choose to continue with your current browser we cannot guarantee your experience.,,Yes,No,Knowledge & Skills
Cisco AppDynamics (New),https://www.shl.com/products/product-catalog/view/cisco-appdynamics-new/,If you choose to continue with your current browser we cannot guarantee your experience.,,Yes,No,Knowledge & Skills
Civil Engineering (New),https://www.shl.com/products/product-catalog/view/civil-engineering-new/,If you choose to continue with your current browser we cannot guarantee your experience.,,Yes,No,Knowledge & Skills
Cloud Computing (New),https://www.shl.com/products/product-catalog/view/cloud-computing-new/,If you choose to continue with your current browser we cannot guarantee your experience.,,Yes,No,Knowledge & Skills
COBOL Programming (New),https://www.shl.com/products/product-catalog/view/cobol-programming-new/,If you choose to continue with your current browser we cannot guarantee your experience.,,Yes,No,Knowledge & Skills
Computer Science (New),https://www.shl.com/products/product-catalog/view/computer-science-new/,If you choose to continue with your current browser we cannot guarantee your experience.,,Yes,No,Knowledge & Skills
Contact Center Call Simulation (New),https://www.shl.com/products/product-catalog/view/contact-center-call-simulation-new/,If you choose to continue with your current browser we cannot guarantee your experience.,,Yes,No,Simulations
Conversational Multichat Simulation,https://www.shl.com/products/product-catalog/view/conversational-multichat-simulation/,If you choose to continue with your current browser we cannot guarantee your experience.,,Yes,No,Simulations
Core Java (Advanced Level) (New),https://www.shl.com/products/product-catalog/view/core-java-advanced-level-new/,If you choose to continue with your current browser we cannot guarantee your experience.,,Yes,No,Knowledge & Skills
Core Java (Entry Level) (New),https://www.shl.com/products/product-catalog/view/core-java-entry-level-new/,If you choose to continue with your current browser we cannot guarantee your experience.,,Yes,No,Knowledge & Skills
Count Out The Money,https://www.shl.com/products/product-catalog/view/count-out-the-money/,If you choose to continue with your current browser we cannot guarantee your experience.,,Yes,Yes,Knowledge & Skills | Simulations
CSS3 (New),https://www.shl.com/products/product-catalog/view/css3-new/,If you choose to continue with your current browser we cannot guarantee your experience.,,Yes,No,Knowledge & Skills
Culinary Skills (New),https://www.shl.com/products/product-catalog/view/culinary-skills-new/,If you choose to continue with your current browser we cannot guarantee your experience.,,Yes,No,Knowledge & Skills
Customer Service Phone Simulation,https://www.shl.com/products/product-catalog/view/customer-service-phone-simulation/,If you choose to continue with your current browser we cannot guarantee your experience.,,Yes,No,Biodata & Situational Judgement | Simulations
Customer Service Phone Solution,https://www.shl.com/products/product-catalog/view/customer-service-phone-solution/,If you choose to continue with your current browser we cannot guarantee your experience.,,Yes,No,Biodata & Situational Judgement | Personality & Behavior | Simulations
Cyber Risk (New),https://www.shl.com/products/product-catalog/view/cyber-risk-new/,If you choose to continue with your current browser we cannot guarantee your experience.,,Yes,No,Knowledge & Skills
Data Entry (New),https://www.shl.com/products/product-catalog/view/data-entry-new/,If you choose to continue with your current browser we cannot guarantee your experience.,,Yes,No,Simulations
Data Entry Alphanumeric Split Screen - US,https://www.shl.com/products/product-catalog/view/data-entry-alphanumeric-split-screen-us/,If you choose to continue with your current browser we cannot guarantee your experience.,,Yes,No,Knowledge & Skills
Data Entry Numeric Split Screen - US,https://www.shl.com/products/product-catalog/view/data-entry-numeric-split-screen-us/,If you choose to continue with your current browser we cannot guarantee your experience.,,Yes,No,Knowledge & Skills
Data Entry Ten Key Split Screen,https://www.shl.com/products/product-catalog/view/data-entry-ten-key-split-screen/,If you choose to continue with your current browser we cannot guarantee your experience.,,Yes,No,Knowledge & Skills
Data Science (New),https://www.shl.com/products/product-catalog/view/data-science-new/,If you choose to continue with your current browser we cannot guarantee your experience.,,Yes,No,Knowledge & Skills
Data Warehousing Concepts,https://www.shl.com/products/product-catalog/view/data-warehousing-concepts/,If you choose to continue with your current browser we cannot guarantee your experience.,,Yes,Yes,Knowledge & Skills
Dependability and Safety Instrument (DSI),https://www.shl.com/products/product-catalog/view/dependability-and-safety-instrument-dsi/,If you choose to continue with your current browser we cannot guarantee your experience.,,Yes,No,Personality & Behavior
Dermatology (New),https://www.shl.com/products/product-catalog/view/dermatology-new/,If you choose to continue with your current browser we cannot guarantee your experience.,,Yes,No,Knowledge & Skills
Desktop Support (New),https://www.shl.com/products/product-catalog/view/desktop-support-new/,If you choose to continue with your current browser we cannot guarantee your experience.,,Yes,No,Knowledge & Skills
Digital Advertising (New),https://www.shl.com/products/product-catalog/view/digital-advertising-new/,If you choose to continue with your current browser we cannot guarantee your experience.,,Yes,No,Knowledge & Skills
Digital Readiness Development Report - IC,https://www.shl.com/products/product-catalog/view/digital-readiness-development-report/,If you choose to continue with your current browser we cannot guarantee your experience.,,Yes,No,Personality & Behavior
Digital Readiness Development Report - Manager,https://www.shl.com/products/product-catalog/view/digital-readiness-development-report-manager/,If you choose to continue with your current browser we cannot guarantee your experience.,,Yes,No,Personality & Behavior
Docker (New),https://www.shl.com/products/product-catalog/view/docker-new/,If you choose to continue with your current browser we cannot guarantee your experience.,,Yes,No,Knowledge & Skills
Dojo (New),https://www.shl.com/products/product-catalog/view/dojo-new/,If you choose to continue with your current browser we cannot guarantee your experience.,,Yes,No,Knowledge & Skills
Drupal (New),https://www.shl.com/products/product-catalog/view/drupal-new/,If you choose to continue with your current browser we cannot guarantee your experience.,,Yes,No,Knowledge & Skills
DSI v1.1 Interpretation Report,https://www.shl.com/products/product-catalog/view/dsi-v1-1-interpretation-report/,If you choose to continue with your current browser we cannot guarantee your experience.,,Yes,No,Personality & Behavior
Econometrics (New),https://www.shl.com/products/product-catalog/view/econometrics-new/,If you choose to continue with your current browser we cannot guarantee your experience.,,Yes,No,Knowledge & Skills
Economics (New),https://www.shl.com/products/product-catalog/view/economics-new/,If you choose to continue with your current browser we cannot guarantee your experience.,,Yes,No,Knowledge & Skills
Electrical and Electronics Engineering (New),https://www.shl.com/products/product-catalog/view/electrical-and-electronics-engineering-new/,If you choose to continue with your current browser we cannot guarantee your experience.,,Yes,No,Knowledge & Skills
Electrical Engineering (New),https://www.shl.com/products/product-catalog/view/electrical-engineering-new/,If you choose to continue with your current browser we cannot guarantee your experience.,,Yes,No,Knowledge & Skills
Electronics & Telecommunications Engineering (New),https://www.shl.com/products/product-catalog/view/electronics-and-telecommunications-engineering-new/,If you choose to continue with your current browser we cannot guarantee your experience.,,Yes,No,Knowledge & Skills
Electronics and Embedded Systems Engineering (New),https://www.shl.com/products/product-catalog/view/electronics-and-embedded-systems-engineering-new/,If you choose to continue with your current browser we cannot guarantee your experience.,,Yes,No,Knowledge & Skills
Electronics and Semiconductor Engineering (New),https://www.shl.com/products/product-catalog/view/electronics-and-semiconductor-engineering-new/,If you choose to continue with your current browser we cannot guarantee your experience.,,Yes,No,Knowledge & Skills
English Comprehension (New),https://www.shl.com/products/product-catalog/view/english-comprehension-new/,If you choose to continue with your current browser we cannot guarantee your experience.,,Yes,No,Knowledge & Skills
Enterprise Java Beans (New),https://www.shl.com/products/product-catalog/view/enterprise-java-beans-new/,If you choose to continue with your current browser we cannot guarantee your experience.,,Yes,No,Knowledge & Skills
Enterprise Leadership Report 1.0,https://www.shl.com/products/product-catalog/view/enterprise-leadership-report/,If you choose to continue with your current browser we cannot guarantee your experience.,,Yes,No,Personality & Behavior
Enterprise Leadership Report 2.0,https://www.shl.com/products/product-catalog/view/enterprise-leadership-report-2-0/,If you choose to continue with your current browser we cannot guarantee your experience.,,Yes,No,Personality & Behavior
Entry Level Cashier Solution,https://www.shl.com/products/product-catalog/view/entry-level-cashier-solution/,If you choose to continue with your current browser we cannot guarantee your experience.,,Yes,No,Competencies | Personality & Behavior
Entry Level Customer Serv-Retail & Contact Center,https://www.shl.com/products/product-catalog/view/entry-level-customer-serv-retail-and-contact-center/,If you choose to continue with your current browser we cannot guarantee your experience.,,Yes,No,Personality & Behavior | Competencies
Entry Level Customer Service (General) Solution,https://www.shl.com/products/product-catalog/view/entry-level-customer-service-general-solution/,If you choose to continue with your current browser we cannot guarantee your experience.,,Yes,No,Competencies | Personality & Behavior
Entry Level Hotel Front Desk Solution,https://www.shl.com/products/product-catalog/view/entry-level-hotel-front-desk-solution/,If you choose to continue with your current browser we cannot guarantee your experience.,,Yes,No,Competencies | Personality & Behavior
Entry Level Sales Solution,https://www.shl.com/products/product-catalog/view/entry-level-sales-solution/,If you choose to continue with your current browser we cannot guarantee your experience.,,Yes,No,Competencies | Personality & Behavior
Entry Level Technical Support Solution,https://www.shl.com/products/product-catalog/view/entry-level-technical-support-solution/,If you choose to continue with your current browser we cannot guarantee your experience.,,Yes,No,Personality & Behavior | Competencies
ETL Testing (New),https://www.shl.com/products/product-catalog/view/etl-testing-new/,If you choose to continue with your current browser we cannot guarantee your experience.,,Yes,No,Knowledge & Skills
Executive Scenarios,https://www.shl.com/products/product-catalog/view/executive-scenarios/,If you choose to continue with your current browser we cannot guarantee your experience.,,Yes,No,Biodata & Situational Judgement
Executive Scenarios Narrative Report,https://www.shl.com/products/product-catalog/view/executive-scenarios-narrative-report/,If you choose to continue with your current browser we cannot guarantee your experience.,,Yes,No,Biodata & Situational Judgement
Executive Scenarios Profile Report,https://www.shl.com/products/product-catalog/view/executive-scenarios-profile-report/,If you choose to continue with your current browser we cannot guarantee your experience.,,Yes,No,Biodata & Situational Judgement
ExpressJS (New),https://www.shl.com/products/product-catalog/view/expressjs-new/,If you choose to continue with your current browser we cannot guarantee your experience.,,Yes,No,Knowledge & Skills
Filing - Names (R1),https://www.shl.com/products/product-catalog/view/filing-names-r1/,If you choose to continue with your current browser we cannot guarantee your experience.,,Yes,No,Knowledge & Skills
Filing - Numbers,https://www.shl.com/products/product-catalog/view/filing-numbers/,If you choose to continue with your current browser we cannot guarantee your experience.,,Yes,No,Knowledge & Skills
Financial Accounting (New),https://www.shl.com/products/product-catalog/view/financial-accounting-new/,If you choose to continue with your current browser we cannot guarantee your experience.,,Yes,No,Knowledge & Skills
Financial and Banking Services (New),https://www.shl.com/products/product-catalog/view/financial-and-banking-services-new/,If you choose to continue with your current browser we cannot guarantee your experience.,,Yes,No,Knowledge & Skills
Fire Engineering (New),https://www.shl.com/products/product-catalog/view/fire-engineering-new/,If you choose to continue with your current browser we cannot guarantee your experience.,,Yes,No,Knowledge & Skills
Following Instructions v1 - UK (R1),https://www.shl.com/products/product-catalog/view/following-instructions-v1-uk-r1/,If you choose to continue with your current browser we cannot guarantee your experience.,,Yes,No,Knowledge & Skills
Following Instructions v1 - US (R2),https://www.shl.com/products/product-catalog/view/following-instructions-v1-us-r2/,If you choose to continue with your current browser we cannot guarantee your experience.,,Yes,No,Knowledge & Skills
Food and Beverage Services (New),https://www.shl.com/products/product-catalog/view/food-and-beverage-services-new/,If you choose to continue with your current browser we cannot guarantee your experience.,,Yes,No,Knowledge & Skills
Food Science (New),https://www.shl.com/products/product-catalog/view/food-science-new/,If you choose to continue with your current browser we cannot guarantee your experience.,,Yes,No,Knowledge & Skills
Front Office Management (New),https://www.shl.com/products/product-catalog/view/front-office-management-new/,If you choose to continue with your current browser we cannot guarantee your experience.,,Yes,No,Knowledge & Skills
Fundamentals of Chemistry (New),https://www.shl.com/products/product-catalog/view/fundamentals-of-chemistry-new/,If you choose to continue with your current browser we cannot guarantee your experience.,,Yes,No,Knowledge & Skills
Fundamentals of Physics (New),https://www.shl.com/products/product-catalog/view/fundamentals-of-physics-new/,If you choose to continue with your current browser we cannot guarantee your experience.,,Yes,No,Knowledge & Skills
General Diseases (New),https://www.shl.com/products/product-catalog/view/general-diseases-new/,If you choose to continue with your current browser we cannot guarantee your experience.,,Yes,No,Knowledge & Skills
Geoinformatics Engineering (New),https://www.shl.com/products/product-catalog/view/geoinformatics-engineering-new/,If you choose to continue with your current browser we cannot guarantee your experience.,,Yes,No,Knowledge & Skills
Geoscience Engineering (New),https://www.shl.com/products/product-catalog/view/geoscience-engineering-new/,If you choose to continue with your current browser we cannot guarantee your experience.,,Yes,No,Knowledge & Skills
GIT (New),https://www.shl.com/products/product-catalog/view/git-new/,If you choose to continue with your current browser we cannot guarantee your experience.,,Yes,No,Knowledge & Skills
Global Skills Assessment,https://www.shl.com/products/product-catalog/view/global-skills-assessment/,If you choose to continue with your current browser we cannot guarantee your experience.,,Yes,No,Competencies | Knowledge & Skills
Graduate Scenarios,https://www.shl.com/products/product-catalog/view/graduate-scenarios/,If you choose to continue with your current browser we cannot guarantee your experience.,,Yes,No,Biodata & Situational Judgement
Graduate Scenarios Narrative Report,https://www.shl.com/products/product-catalog/view/graduate-scenarios-narrative-report/,If you choose to continue with your current browser we cannot guarantee your experience.,,Yes,No,Biodata & Situational Judgement
Graduate Scenarios Profile Report,https://www.shl.com/products/product-catalog/view/graduate-scenarios-profile-report/,If you choose to continue with your current browser we cannot guarantee your experience.,,Yes,No,Biodata & Situational Judgement
Hibernate (New),https://www.shl.com/products/product-catalog/view/hibernate-new/,If you choose to continue with your current browser we cannot guarantee your experience.,,Yes,No,Knowledge & Skills
HIPAA (Security),https://www.shl.com/products/product-catalog/view/hipaa-security/,If you choose to continue with your current browser we cannot guarantee your experience.,,Yes,Yes,Knowledge & Skills
HiPo Assessment Report 1.0,https://www.shl.com/products/product-catalog/view/hipo-assessment-report-1-0/,If you choose to continue with your current browser we cannot guarantee your experience.,,Yes,No,Competencies | Personality & Behavior
HiPo Assessment Report 2.0,https://www.shl.com/products/product-catalog/view/hipo-assessment-report-2-0/,If you choose to continue with your current browser we cannot guarantee your experience.,,Yes,No,Competencies | Personality & Behavior
HiPo Unlocking Potential Report 2.0,https://www.shl.com/products/product-catalog/view/hipo-unlocking-potential-report-2-0/,If you choose to continue with your current browser we cannot guarantee your experience.,,Yes,No,Competencies
Housekeeping (New),https://www.shl.com/products/product-catalog/view/housekeeping-new/,If you choose to continue with your current browser we cannot guarantee your experience.,,Yes,No,Knowledge & Skills
HTML/CSS (New),https://www.shl.com/products/product-catalog/view/htmlcss-new/,If you choose to continue with your current browser we cannot guarantee your experience.,,Yes,No,Knowledge & Skills
HTML5 (New),https://www.shl.com/products/product-catalog/view/html5-new/,If you choose to continue with your current browser we cannot guarantee your experience.,,Yes,No,Knowledge & Skills
Human Resources (New),https://www.shl.com/products/product-catalog/view/human-resources-new/,If you choose to continue with your current browser we cannot guarantee your experience.,,Yes,No,Knowledge & Skills
IBM DataStage (New),https://www.shl.com/products/product-catalog/view/ibm-datastage-new/,If you choose to continue with your current browser we cannot guarantee your experience.,,Yes,No,Knowledge & Skills
IBM Sterling Order Management System (New),https://www.shl.com/products/product-catalog/view/ibm-sterling-order-management-system-new/,If you choose to continue with your current browser we cannot guarantee your experience.,,Yes,No,Knowledge & Skills
Industrial Engineering (New),https://www.shl.com/products/product-catalog/view/industrial-engineering-new/,If you choose to continue with your current browser we cannot guarantee your experience.,,Yes,No,Knowledge & Skills
Informatica (Architecture) (New),https://www.shl.com/products/product-catalog/view/informatica-architecture-new/,If you choose to continue with your current browser we cannot guarantee your experience.,,Yes,No,Knowledge & Skills
Informatica (Developer) (New),https://www.shl.com/products/product-catalog/view/informatica-developer-new/,If you choose to continue with your current browser we cannot guarantee your experience.,,Yes,No,Knowledge & Skills
Instrumentation Engineering (New),https://www.shl.com/products/product-catalog/view/instrumentation-engineering-new/,If you choose to continue with your current browser we cannot guarantee your experience.,,Yes,No,Knowledge & Skills
Interpersonal Communications,https://www.shl.com/products/product-catalog/view/interpersonal-communications/,If you choose to continue with your current browser we cannot guarantee your experience.,,Yes,Yes,Knowledge & Skills
Interviewing and Hiring Concepts (U.S.),https://www.shl.com/products/product-catalog/view/interviewing-and-hiring-concepts-u-s/,If you choose to continue with your current browser we cannot guarantee your experience.,,Yes,Yes,Knowledge & Skills
iOS Development (New),https://www.shl.com/products/product-catalog/view/ios-development-new/,If you choose to continue with your current browser we cannot guarantee your experience.,,Yes,No,Knowledge & Skills
ITIL (IT Infrastructure Library) (New),https://www.shl.com/products/product-catalog/view/itil-it-infrastructure-library-new/,If you choose to continue with your current browser we cannot guarantee your experience.,,Yes,No,Knowledge & Skills
Java 2 Platform Enterprise Edition 1.4 Fundamental,https://www.shl.com/products/product-catalog/view/java-2-platform-enterprise-edition-1-4-fundamental/,If you choose to continue with your current browser we cannot guarantee your experience.,,Yes,Yes,Knowledge & Skills
Java 8 (New),https://www.shl.com/products/product-catalog/view/java-8-new/,If you choose to continue with your current browser we cannot guarantee your experience.,,Yes,No,Knowledge & Skills
Java Design Patterns (New),https://www.shl.com/products/product-catalog/view/java-design-patterns-new/,If you choose to continue with your current browser we cannot guarantee your experience.,,Yes,No,Knowledge & Skills
Java Frameworks (New),https://www.shl.com/products/product-catalog/view/java-frameworks-new/,If you choose to continue with your current browser we cannot guarantee your experience.,,Yes,No,Knowledge & Skills
Java Platform Enterprise Edition 7 (Java EE 7),https://www.shl.com/products/product-catalog/view/java-platform-enterprise-edition-7-java-ee-7/,If you choose to continue with your current browser we cannot guarantee your experience.,,Yes,Yes,Knowledge & Skills
Java Web Services (New),https://www.shl.com/products/product-catalog/view/java-web-services-new/,If you choose to continue with your current browser we cannot guarantee your experience.,,Yes,No,Knowledge & Skills
JavaScript (New),https://www.shl.com/products/product-catalog/view/javascript-new/,If you choose to continue with your current browser we cannot guarantee your experience.,,Yes,No,Knowledge & Skills
Jenkins (New),https://www.shl.com/products/product-catalog/view/jenkins-new/,If you choose to continue with your current browser we cannot guarantee your experience.,,Yes,No,Knowledge & Skills
Job Control Language (New),https://www.shl.com/products/product-catalog/view/job-control-language-new/,If you choose to continue with your current browser we cannot guarantee your experience.,,Yes,No,Knowledge & Skills
jQuery (New),https://www.shl.com/products/product-catalog/view/jquery-new/,If you choose to continue with your current browser we cannot guarantee your experience.,,Yes,No,Knowledge & Skills
Kubernetes (New),https://www.shl.com/products/product-catalog/view/kubernetes-new/,If you choose to continue with your current browser we cannot guarantee your experience.,,Yes,No,Knowledge & Skills
Linux Administration (New),https://www.shl.com/products/product-catalog/view/linux-administration-new/,If you choose to continue with your current browser we cannot guarantee your experience.,,Yes,No,Knowledge & Skills
Linux Operating System,https://www.shl.com/products/product-catalog/view/linux-operating-system/,If you choose to continue with your current browser we cannot guarantee your experience.,,Yes,No,Knowledge & Skills
Linux Programming (General),https://www.shl.com/products/product-catalog/view/linux-programming-general/,If you choose to continue with your current browser we cannot guarantee your experience.,,Yes,Yes,Knowledge & Skills
Load Runner (New),https://www.shl.com/products/product-catalog/view/load-runner-new/,If you choose to continue with your current browser we cannot guarantee your experience.,,Yes,No,Knowledge & Skills
Management Scenarios,https://www.shl.com/products/product-catalog/view/management-scenarios/,If you choose to continue with your current browser we cannot guarantee your experience.,,Yes,No,Biodata & Situational Judgement
Managerial Scenarios Candidate Report,https://www.shl.com/products/product-catalog/view/managerial-scenarios-candidate-report/,If you choose to continue with your current browser we cannot guarantee your experience.,,Yes,No,Biodata & Situational Judgement
Managerial Scenarios Narrative Report,https://www.shl.com/products/product-catalog/view/managerial-scenarios-narrative-report/,If you choose to continue with your current browser we cannot guarantee your experience.,,Yes,No,Biodata & Situational Judgement
Managerial Scenarios Profile Report,https://www.shl.com/products/product-catalog/view/managerial-scenarios-profile-report/,If you choose to continue with your current browser we cannot guarantee your experience.,,Yes,No,Biodata & Situational Judgement
Manual Testing (New),https://www.shl.com/products/product-catalog/view/manual-testing-new/,If you choose to continue with your current browser we cannot guarantee your experience.,,Yes,No,Knowledge & Skills
Manufac. & Indust. - Mechanical & Vigilance 8.0,https://www.shl.com/products/product-catalog/view/mechanical-and-vigilance-focus-8-0/,If you choose to continue with your current browser we cannot guarantee your experience.,,Yes,No,Ability & Aptitude | Personality & Behavior
Manufac. & Indust. - Safety & Dependability 8.0,https://www.shl.com/products/product-catalog/view/safety-and-dependability-focus-8-0/,If you choose to continue with your current browser we cannot guarantee your experience.,,Yes,No,Personality & Behavior
Manufacturing & Industrial - Essential Focus 8.0,https://www.shl.com/products/product-catalog/view/essential-focus-8-0/,If you choose to continue with your current browser we cannot guarantee your experience.,,Yes,No,Personality & Behavior
Manufacturing & Industrial - Mechanical Focus 8.0,https://www.shl.com/products/product-catalog/view/mechanical-focus-8-0/,If you choose to continue with your current browser we cannot guarantee your experience.,,Yes,No,Ability & Aptitude | Personality & Behavior
Manufacturing & Industrial - Vigilance Focus 8.0,https://www.shl.com/products/product-catalog/view/vigilance-focus-8-0/,If you choose to continue with your current browser we cannot guarantee your experience.,,Yes,No,Ability & Aptitude | Personality & Behavior
Marketing (New),https://www.shl.com/products/product-catalog/view/marketing-new/,If you choose to continue with your current browser we cannot guarantee your experience.,,Yes,No,Knowledge & Skills
Maven (New),https://www.shl.com/products/product-catalog/view/maven-new/,If you choose to continue with your current browser we cannot guarantee your experience.,,Yes,No,Knowledge & Skills
Mechanical Engineering (New),https://www.shl.com/products/product-catalog/view/mechanical-engineering-new/,If you choose to continue with your current browser we cannot guarantee your experience.,,Yes,No,Knowledge & Skills
Mechatronics Engineering (New),https://www.shl.com/products/product-catalog/view/mechatronics-engineering-new/,If you choose to continue with your current browser we cannot guarantee your experience.,,Yes,No,Knowledge & Skills
Medical Terminology (New),https://www.shl.com/products/product-catalog/view/medical-terminology-new/,If you choose to continue with your current browser we cannot guarantee your experience.,,Yes,No,Knowledge & Skills
Metallurgical Engineering (New),https://www.shl.com/products/product-catalog/view/metallurgical-engineering-new/,If you choose to continue with your current browser we cannot guarantee your experience.,,Yes,No,Knowledge & Skills
MFS 360 Enterprise Leadership Report,https://www.shl.com/products/product-catalog/view/mfs-360-enterprise-leadership-report/,If you choose to continue with your current browser we cannot guarantee your experience.,,Yes,No,Development & 360
MFS 360 UCF Group Report,https://www.shl.com/products/product-catalog/view/mfs-360-ucf-group-report/,If you choose to continue with your current browser we cannot guarantee your experience.,,Yes,No,Development & 360
MFS 360 UCF Performance Potential Dev Tips Report,https://www.shl.com/products/product-catalog/view/mfs-360-ucf-performance-potential-dev-tips-report/,If you choose to continue with your current browser we cannot guarantee your experience.,,Yes,No,Development & 360
MFS 360 UCF Standard Report,https://www.shl.com/products/product-catalog/view/mfs-360-ucf-standard-report/,If you choose to continue with your current browser we cannot guarantee your experience.,,Yes,No,Development & 360
Micro Focus Unified Functional Testing (New),https://www.shl.com/products/product-catalog/view/micro-focus-unified-functional-testing-new/,If you choose to continue with your current browser we cannot guarantee your experience.,,Yes,No,Knowledge & Skills
Microservices (New),https://www.shl.com/products/product-catalog/view/microservices-new/,If you choose to continue with your current browser we cannot guarantee your experience.,,Yes,No,Knowledge & Skills
Microsoft Dynamics Development (New),https://www.shl.com/products/product-catalog/view/microsoft-dynamics-development-new/,If you choose to continue with your current browser we cannot guarantee your experience.,,Yes,No,Knowledge & Skills
Microsoft Excel 365 - Essentials (New),https://www.shl.com/products/product-catalog/view/microsoft-excel-365-essentials-new/,If you choose to continue with your current browser we cannot guarantee your experience.,,Yes,No,Knowledge & Skills | Simulations
Microsoft Excel 365 (New),https://www.shl.com/products/product-catalog/view/microsoft-excel-365-new/,If you choose to continue with your current browser we cannot guarantee your experience.,,Yes,No,Knowledge & Skills | Simulations
Microsoft Outlook 2013 (adaptive),https://www.shl.com/products/product-catalog/view/microsoft-outlook-2013-adaptive/,If you choose to continue with your current browser we cannot guarantee your experience.,,Yes,Yes,Knowledge & Skills
Microsoft PowerPoint 365 - Essentials (New),https://www.shl.com/products/product-catalog/view/microsoft-powerpoint-365-essentials-new/,If you choose to continue with your current browser we cannot guarantee your experience.,,Yes,No,Knowledge & Skills | Simulations
Microsoft SQL Server 2014 Programming,https://www.shl.com/products/product-catalog/view/microsoft-sql-server-2014-programming/,If you choose to continue with your current browser we cannot guarantee your experience.,,Yes,Yes,Knowledge & Skills
Microsoft Windows Server 2012 Administration,https://www.shl.com/products/product-catalog/view/microsoft-windows-server-2012-administration/,If you choose to continue with your current browser we cannot guarantee your experience.,,Yes,Yes,Knowledge & Skills
Microsoft Word 365 - Essentials (New),https://www.shl.com/products/product-catalog/view/microsoft-word-365-essentials-new/,If you choose to continue with your current browser we cannot guarantee your experience.,,Yes,No,Knowledge & Skills | Simulations
Microsoft Word 365 (New),https://www.shl.com/products/product-catalog/view/microsoft-word-365-new/,If you choose to continue with your current browser we cannot guarantee your experience.,,Yes,No,Simulations | Knowledge & Skills
Mineral Engineering (New),https://www.shl.com/products/product-catalog/view/mineral-engineering-new/,If you choose to continue with your current browser we cannot guarantee your experience.,,Yes,No,Knowledge & Skills
Mining Engineering (New),https://www.shl.com/products/product-catalog/view/mining-engineering-new/,If you choose to continue with your current browser we cannot guarantee your experience.,,Yes,No,Knowledge & Skills
Mobility (New),https://www.shl.com/products/product-catalog/view/mobility-new/,If you choose to continue with your current browser we cannot guarantee your experience.,,Yes,No,Knowledge & Skills
Molecular Biology (New),https://www.shl.com/products/product-catalog/view/molecular-biology-new/,If you choose to continue with your current browser we cannot guarantee your experience.,,Yes,No,Knowledge & Skills
MongoDB (New),https://www.shl.com/products/product-catalog/view/mongodb-new/,If you choose to continue with your current browser we cannot guarantee your experience.,,Yes,No,Knowledge & Skills
Motivation Questionnaire MQM5,https://www.shl.com/products/product-catalog/view/motivation-questionnaire-mqm5/,If you choose to continue with your current browser we cannot guarantee your experience.,,Yes,No,Personality & Behavior
MQ Candidate Motivation Report,https://www.shl.com/products/product-catalog/view/mq-candidate-motivation-report/,If you choose to continue with your current browser we cannot guarantee your experience.,,Yes,No,Personality & Behavior
MQ Employee Motivation Report,https://www.shl.com/products/product-catalog/view/mq-employee-motivation-report/,If you choose to continue with your current browser we cannot guarantee your experience.,,Yes,No,Personality & Behavior
MQ Motivation Report Pack,https://www.shl.com/products/product-catalog/view/mq-motivation-report-pack/,If you choose to continue with your current browser we cannot guarantee your experience.,,Yes,No,Personality & Behavior
MQ Profile,https://www.shl.com/products/product-catalog/view/mq-profile/,If you choose to continue with your current browser we cannot guarantee your experience.,,Yes,No,Personality & Behavior
MS Access (New),https://www.shl.com/products/product-catalog/view/ms-access-new/,If you choose to continue with your current browser we cannot guarantee your experience.,,Yes,No,Knowledge & Skills
MS Excel (New),https://www.shl.com/products/product-catalog/view/ms-excel-new/,If you choose to continue with your current browser we cannot guarantee your experience.,,Yes,No,Knowledge & Skills
MS Office Basic Computer Literacy (New),https://www.shl.com/products/product-catalog/view/ms-office-basic-computer-literacy-new/,If you choose to continue with your current browser we cannot guarantee your experience.,,Yes,No,Knowledge & Skills
MS Office Basic Computer Literacy (Sim) (New),https://www.shl.com/products/product-catalog/view/ms-office-basic-computer-literacy-sim-new/,If you choose to continue with your current browser we cannot guarantee your experience.,,Yes,No,Simulations
MS PowerPoint (New),https://www.shl.com/products/product-catalog/view/ms-powerpoint-new/,If you choose to continue with your current browser we cannot guarantee your experience.,,Yes,No,Knowledge & Skills
MS Word (New),https://www.shl.com/products/product-catalog/view/ms-word-new/,If you choose to continue with your current browser we cannot guarantee your experience.,,Yes,No,Knowledge & Skills
MuleSoft Development (New),https://www.shl.com/products/product-catalog/view/mulesoft-development-new/,If you choose to continue with your current browser we cannot guarantee your experience.,,Yes,No,Knowledge & Skills
Multitasking Ability,https://www.shl.com/products/product-catalog/view/multitasking-ability/,If you choose to continue with your current browser we cannot guarantee your experience.,,Yes,No,Ability & Aptitude | Knowledge & Skills | Simulations
Networking and Implementation (New),https://www.shl.com/products/product-catalog/view/networking-and-implementation-new/,If you choose to continue with your current browser we cannot guarantee your experience.,,Yes,No,Knowledge & Skills
Node.js (New),https://www.shl.com/products/product-catalog/view/node-js-new/,If you choose to continue with your current browser we cannot guarantee your experience.,,Yes,No,Knowledge & Skills
Nursing (New),https://www.shl.com/products/product-catalog/view/nursing-new/,If you choose to continue with your current browser we cannot guarantee your experience.,,Yes,No,Knowledge & Skills
Occupational Personality Questionnaire OPQ32r,https://www.shl.com/products/product-catalog/view/occupational-personality-questionnaire-opq32r/,If you choose to continue with your current browser we cannot guarantee your experience.,,Yes,No,Personality & Behavior
Operations Management (New),https://www.shl.com/products/product-catalog/view/operations-management-new/,If you choose to continue with your current browser we cannot guarantee your experience.,,Yes,No,Knowledge & Skills
OPQ Candidate Plus Report,https://www.shl.com/products/product-catalog/view/opq-candidate-plus-report/,If you choose to continue with your current browser we cannot guarantee your experience.,,Yes,No,Personality & Behavior
OPQ Candidate Report 2.0,https://www.shl.com/products/product-catalog/view/opq-candidate-report-2-0/,If you choose to continue with your current browser we cannot guarantee your experience.,,Yes,No,Personality & Behavior
OPQ Emotional Intelligence Report,https://www.shl.com/products/product-catalog/view/opq-emotional-intelligence-report/,If you choose to continue with your current browser we cannot guarantee your experience.,,Yes,No,Personality & Behavior
OPQ Leadership Report,https://www.shl.com/products/product-catalog/view/opq-leadership-report/,If you choose to continue with your current browser we cannot guarantee your experience.,,Yes,No,Personality & Behavior
OPQ Manager Plus Report,https://www.shl.com/products/product-catalog/view/opq-manager-plus-report/,If you choose to continue with your current browser we cannot guarantee your experience.,,Yes,No,Personality & Behavior
OPQ Manager Plus Report 2.0,https://www.shl.com/products/product-catalog/view/opq-manager-plus-report-2-0/,If you choose to continue with your current browser we cannot guarantee your experience.,,Yes,No,Personality & Behavior
OPQ Maximising your Learning Report,https://www.shl.com/products/product-catalog/view/opq-maximising-your-learning-report/,If you choose to continue with your current browser we cannot guarantee your experience.,,Yes,No,Personality & Behavior
OPQ MQ Sales Report,https://www.shl.com/products/product-catalog/view/opq-mq-sales-report/,If you choose to continue with your current browser we cannot guarantee your experience.,,Yes,No,Personality & Behavior
OPQ Premium Plus Report,https://www.shl.com/products/product-catalog/view/opq-premium-plus-report/,If you choose to continue with your current browser we cannot guarantee your experience.,,Yes,No,Personality & Behavior
OPQ Premium Plus Report 2.0,https://www.shl.com/products/product-catalog/view/opq-premium-plus-report-2-0/,If you choose to continue with your current browser we cannot guarantee your experience.,,Yes,No,Personality & Behavior
OPQ Profile Report,https://www.shl.com/products/product-catalog/view/opq-profile-report/,If you choose to continue with your current browser we cannot guarantee your experience.,,Yes,No,Personality & Behavior
OPQ Team Impact Group Development Report,https://www.shl.com/products/product-catalog/view/opq-team-impact-group-development-report/,If you choose to continue with your current browser we cannot guarantee your experience.,,Yes,No,Personality & Behavior
OPQ Team Impact Individual Development Report,https://www.shl.com/products/product-catalog/view/opq-team-impact-individual-development-report/,If you choose to continue with your current browser we cannot guarantee your experience.,,Yes,No,Personality & Behavior
OPQ Team Impact Selection Report,https://www.shl.com/products/product-catalog/view/opq-team-impact-selection-report/,If you choose to continue with your current browser we cannot guarantee your experience.,,Yes,No,Personality & Behavior
OPQ Team Types & Leadership Styles Profile,https://www.shl.com/products/product-catalog/view/opq-team-types-and-leadership-styles-profile/,If you choose to continue with your current browser we cannot guarantee your experience.,,Yes,No,Personality & Behavior
OPQ Team Types and Leadership Styles Report,https://www.shl.com/products/product-catalog/view/opq-team-types-and-leadership-styles-report/,If you choose to continue with your current browser we cannot guarantee your experience.,,Yes,No,Personality & Behavior
OPQ UCF Development Action Planner Report 1.0,https://www.shl.com/products/product-catalog/view/opq-ucf-development-action-planner-report/,If you choose to continue with your current browser we cannot guarantee your experience.,,Yes,No,Personality & Behavior
OPQ UCF Development Action Planner Report 2.0,https://www.shl.com/products/product-catalog/view/opq-ucf-development-action-planner-report-2-0/,If you choose to continue with your current browser we cannot guarantee your experience.,,Yes,No,Personality & Behavior
OPQ Universal Competency Report 1.0,https://www.shl.com/products/product-catalog/view/opq-universal-competency-report/,If you choose to continue with your current browser we cannot guarantee your experience.,,Yes,No,Personality & Behavior
OPQ Universal Competency Report 2.0,https://www.shl.com/products/product-catalog/view/opq-universal-competency-report-2-0/,If you choose to continue with your current browser we cannot guarantee your experience.,,Yes,No,Personality & Behavior
OPQ User and Managers Report,https://www.shl.com/products/product-catalog/view/opq-user-and-managers-report/,If you choose to continue with your current browser we cannot guarantee your experience.,,Yes,No,Personality & Behavior
OPQ User Report,https://www.shl.com/products/product-catalog/view/opq-user-report/,If you choose to continue with your current browser we cannot guarantee your experience.,,Yes,No,Personality & Behavior | Simulations
Oracle DBA (Advanced Level) (New),https://www.shl.com/products/product-catalog/view/oracle-dba-advanced-level-new/,If you choose to continue with your current browser we cannot guarantee your experience.,,Yes,No,Knowledge & Skills
Oracle DBA (Entry Level) (New),https://www.shl.com/products/product-catalog/view/oracle-dba-entry-level-new/,If you choose to continue with your current browser we cannot guarantee your experience.,,Yes,No,Knowledge & Skills
Oracle PL/SQL (New),https://www.shl.com/products/product-catalog/view/oracle-plsql-new/,If you choose to continue with your current browser we cannot guarantee your experience.,,Yes,No,Knowledge & Skills
Oracle WebLogic Server (New),https://www.shl.com/products/product-catalog/view/oracle-weblogic-server-new/,If you choose to continue with your current browser we cannot guarantee your experience.,,Yes,No,Knowledge & Skills
Organic Chemistry (New),https://www.shl.com/products/product-catalog/view/organic-chemistry-new/,If you choose to continue with your current browser we cannot guarantee your experience.,,Yes,No,Knowledge & Skills
Paint Technology (New),https://www.shl.com/products/product-catalog/view/paint-technology-new/,If you choose to continue with your current browser we cannot guarantee your experience.,,Yes,No,Knowledge & Skills
Pediatrics (New),https://www.shl.com/products/product-catalog/view/pediatrics-new/,If you choose to continue with your current browser we cannot guarantee your experience.,,Yes,No,Knowledge & Skills
Pega Development (New),https://www.shl.com/products/product-catalog/view/pega-development-new/,If you choose to continue with your current browser we cannot guarantee your experience.,,Yes,No,Knowledge & Skills
Perl (New),https://www.shl.com/products/product-catalog/view/perl-new/,If you choose to continue with your current browser we cannot guarantee your experience.,,Yes,No,Knowledge & Skills
Petrochemical Engineering (New),https://www.shl.com/products/product-catalog/view/petrochemical-engineering-new/,If you choose to continue with your current browser we cannot guarantee your experience.,,Yes,No,Knowledge & Skills
Petroleum Engineering (New),https://www.shl.com/products/product-catalog/view/petroleum-engineering-new/,If you choose to continue with your current browser we cannot guarantee your experience.,,Yes,No,Knowledge & Skills
Pharmaceutical Analysis (New),https://www.shl.com/products/product-catalog/view/pharmaceutical-analysis-new/,If you choose to continue with your current browser we cannot guarantee your experience.,,Yes,No,Knowledge & Skills
Pharmaceutical Chemistry (New),https://www.shl.com/products/product-catalog/view/pharmaceutical-chemistry-new/,If you choose to continue with your current browser we cannot guarantee your experience.,,Yes,No,Knowledge & Skills
Pharmaceutical Science (New),https://www.shl.com/products/product-catalog/view/pharmaceutical-science-new/,If you choose to continue with your current browser we cannot guarantee your experience.,,Yes,No,Knowledge & Skills
Pharmaceutics (New),https://www.shl.com/products/product-catalog/view/pharmaceutics-new/,If you choose to continue with your current browser we cannot guarantee your experience.,,Yes,No,Knowledge & Skills
Pharmacology (New),https://www.shl.com/products/product-catalog/view/pharmacology-new/,If you choose to continue with your current browser we cannot guarantee your experience.,,Yes,No,Knowledge & Skills
PHP (New),https://www.shl.com/products/product-catalog/view/php-new/,If you choose to continue with your current browser we cannot guarantee your experience.,,Yes,No,Knowledge & Skills
PJM Development Report,https://www.shl.com/products/product-catalog/view/pjm-development-report/,If you choose to continue with your current browser we cannot guarantee your experience.,,Yes,No,Competencies | Ability & Aptitude | Personality & Behavior
PJM Selection Report,https://www.shl.com/products/product-catalog/view/pjm-selection-report/,If you choose to continue with your current browser we cannot guarantee your experience.,,Yes,No,Ability & Aptitude | Competencies | Personality & Behavior
Polymer Engineering (New),https://www.shl.com/products/product-catalog/view/polymer-engineering-new/,If you choose to continue with your current browser we cannot guarantee your experience.,,Yes,No,Knowledge & Skills
Power Electronics and Drives (New),https://www.shl.com/products/product-catalog/view/power-electronics-and-drives-new/,If you choose to continue with your current browser we cannot guarantee your experience.,,Yes,No,Knowledge & Skills
Power System Engineering (New),https://www.shl.com/products/product-catalog/view/power-system-engineering-new/,If you choose to continue with your current browser we cannot guarantee your experience.,,Yes,No,Knowledge & Skills
Prism (New),https://www.shl.com/products/product-catalog/view/prism-new/,If you choose to continue with your current browser we cannot guarantee your experience.,,Yes,No,Knowledge & Skills
Production and Industrial Engineering (New),https://www.shl.com/products/product-catalog/view/production-and-industrial-engineering-new/,If you choose to continue with your current browser we cannot guarantee your experience.,,Yes,No,Knowledge & Skills
Production Engineering (New),https://www.shl.com/products/product-catalog/view/production-engineering-new/,If you choose to continue with your current browser we cannot guarantee your experience.,,Yes,No,Knowledge & Skills
Programming Concepts,https://www.shl.com/products/product-catalog/view/programming-concepts/,If you choose to continue with your current browser we cannot guarantee your experience.,,Yes,Yes,Knowledge & Skills
Project Management (2013),https://www.shl.com/products/product-catalog/view/project-management-2013/,If you choose to continue with your current browser we cannot guarantee your experience.,,Yes,Yes,Knowledge & Skills
Proofreading v1,https://www.shl.com/products/product-catalog/view/proofreading-v1/,If you choose to continue with your current browser we cannot guarantee your experience.,,Yes,No,Knowledge & Skills
Python (New),https://www.shl.com/products/product-catalog/view/python-new/,If you choose to continue with your current browser we cannot guarantee your experience.,,Yes,No,Knowledge & Skills
R Programming (New),https://www.shl.com/products/product-catalog/view/r-programming-new/,If you choose to continue with your current browser we cannot guarantee your experience.,,Yes,No,Knowledge & Skills
ReactJS (New),https://www.shl.com/products/product-catalog/view/reactjs-new/,If you choose to continue with your current browser we cannot guarantee your experience.,,Yes,No,Knowledge & Skills
Reading Comprehension - English v1,https://www.shl.com/products/product-catalog/view/reading-comprehension-english-v1/,If you choose to continue with your current browser we cannot guarantee your experience.,,Yes,Yes,Ability & Aptitude
Reading Comprehension - Spanish v1,https://www.shl.com/products/product-catalog/view/reading-comprehension-spanish-v1/,If you choose to continue with your current browser we cannot guarantee your experience.,,Yes,Yes,Ability & Aptitude
Reading Comprehension v2,https://www.shl.com/products/product-catalog/view/reading-comprehension-v2/,If you choose to continue with your current browser we cannot guarantee your experience.,,Yes,Yes,Ability & Aptitude
RemoteWorkQ,https://www.shl.com/products/product-catalog/view/remoteworkq/,If you choose to continue with your current browser we cannot guarantee your experience.,,Yes,No,Competencies
RemoteWorkQ Manager Report,https://www.shl.com/products/product-catalog/view/remoteworkq-manager-report/,If you choose to continue with your current browser we cannot guarantee your experience.,,Yes,No,Competencies
RemoteWorkQ Participant Report,https://www.shl.com/products/product-catalog/view/remoteworkq-participant-report/,If you choose to continue with your current browser we cannot guarantee your experience.,,Yes,No,Competencies
RESTful Web Services (New),https://www.shl.com/products/product-catalog/view/restful-web-services-new/,If you choose to continue with your current browser we cannot guarantee your experience.,,Yes,No,Knowledge & Skills
Retail Sales and Service Simulation,https://www.shl.com/products/product-catalog/view/retail-sales-and-service-simulation/,If you choose to continue with your current browser we cannot guarantee your experience.,,Yes,No,Biodata & Situational Judgement | Knowledge & Skills | Simulations | Ability & Aptitude
Reviewing Forms - US (R1),https://www.shl.com/products/product-catalog/view/reviewing-forms-us-r1/,If you choose to continue with your current browser we cannot guarantee your experience.,,Yes,No,Knowledge & Skills
Ruby (New),https://www.shl.com/products/product-catalog/view/ruby-new/,If you choose to continue with your current browser we cannot guarantee your experience.,,Yes,No,Knowledge & Skills
Ruby on Rails (New),https://www.shl.com/products/product-catalog/view/ruby-on-rails-new/,If you choose to continue with your current browser we cannot guarantee your experience.,,Yes,No,Knowledge & Skills
Sales & Service Phone Simulation,https://www.shl.com/products/product-catalog/view/sales-and-service-phone-simulation/,If you choose to continue with your current browser we cannot guarantee your experience.,,Yes,No,Simulations | Biodata & Situational Judgement
Sales & Service Phone Solution,https://www.shl.com/products/product-catalog/view/sales-and-service-phone-solution/,If you choose to continue with your current browser we cannot guarantee your experience.,,Yes,No,Biodata & Situational Judgement | Personality & Behavior | Simulations
Sales Interview Guide,https://www.shl.com/products/product-catalog/view/sales-interview-guide/,If you choose to continue with your current browser we cannot guarantee your experience.,,Yes,No,Personality & Behavior | Personality & Behavior
Sales Profiler Cards,https://www.shl.com/products/product-catalog/view/sales-profiler-cards/,If you choose to continue with your current browser we cannot guarantee your experience.,,Yes,No,Personality & Behavior
Sales Transformation 1.0 - Individual Contributor,https://www.shl.com/products/product-catalog/view/sales-transformation-report-individual-contributor/,If you choose to continue with your current browser we cannot guarantee your experience.,,Yes,No,Personality & Behavior
Sales Transformation 2.0 - Individual Contributor,https://www.shl.com/products/product-catalog/view/salestransformationreport2-0-individualcontributor/,If you choose to continue with your current browser we cannot guarantee your experience.,,Yes,No,Personality & Behavior
Sales Transformation Report 1.0 - Sales Manager,https://www.shl.com/products/product-catalog/view/sales-transformation-report-sales-manager/,If you choose to continue with your current browser we cannot guarantee your experience.,,Yes,No,Personality & Behavior
Sales Transformation Report 2.0 - Sales Manager,https://www.shl.com/products/product-catalog/view/sales-transformation-report-2-0-sales-manager/,If you choose to continue with your current browser we cannot guarantee your experience.,,Yes,No,Personality & Behavior
Salesforce Development (New),https://www.shl.com/products/product-catalog/view/salesforce-development-new/,If you choose to continue with your current browser we cannot guarantee your experience.,,Yes,No,Knowledge & Skills
SAP ABAP (Advanced Level) (New),https://www.shl.com/products/product-catalog/view/sap-abap-advanced-level-new/,If you choose to continue with your current browser we cannot guarantee your experience.,,Yes,No,Knowledge & Skills
SAP ABAP (Intermediate Level) (New),https://www.shl.com/products/product-catalog/view/sap-abap-intermediate-level-new/,If you choose to continue with your current browser we cannot guarantee your experience.,,Yes,No,Knowledge & Skills
SAP Basis (New),https://www.shl.com/products/product-catalog/view/sap-basis-new/,If you choose to continue with your current browser we cannot guarantee your experience.,,Yes,No,Knowledge & Skills
SAP Business Objects WebI (New),https://www.shl.com/products/product-catalog/view/sap-business-objects-webi-new/,If you choose to continue with your current browser we cannot guarantee your experience.,,Yes,No,Knowledge & Skills
SAP BW (Business Warehouse) (New),https://www.shl.com/products/product-catalog/view/sap-bw-business-warehouse-new/,If you choose to continue with your current browser we cannot guarantee your experience.,,Yes,No,Knowledge & Skills
SAP HCM (Human Capital Management) (New),https://www.shl.com/products/product-catalog/view/sap-hcm-human-capital-management-new/,If you choose to continue with your current browser we cannot guarantee your experience.,,Yes,No,Knowledge & Skills
SAP Hybris (New),https://www.shl.com/products/product-catalog/view/sap-hybris-new/,If you choose to continue with your current browser we cannot guarantee your experience.,,Yes,No,Knowledge & Skills
SAP Materials Management (New),https://www.shl.com/products/product-catalog/view/sap-materials-management-new/,If you choose to continue with your current browser we cannot guarantee your experience.,,Yes,No,Knowledge & Skills
SAP SD (Sales and Distribution) (New),https://www.shl.com/products/product-catalog/view/sap-sd-sales-and-distribution-new/,If you choose to continue with your current browser we cannot guarantee your experience.,,Yes,No,Knowledge & Skills
Search Engine Optimization (New),https://www.shl.com/products/product-catalog/view/search-engine-optimization-new/,If you choose to continue with your current browser we cannot guarantee your experience.,,Yes,No,Knowledge & Skills
Selenium (New),https://www.shl.com/products/product-catalog/view/selenium-new/,If you choose to continue with your current browser we cannot guarantee your experience.,,Yes,No,Knowledge & Skills
Shell Scripting (New),https://www.shl.com/products/product-catalog/view/shell-scripting-new/,If you choose to continue with your current browser we cannot guarantee your experience.,,Yes,No,Knowledge & Skills
SHL Verify Interactive - Inductive Reasoning,https://www.shl.com/products/product-catalog/view/shl-verify-interactive-inductive-reasoning/,If you choose to continue with your current browser we cannot guarantee your experience.,,Yes,Yes,Ability & Aptitude | Simulations
SHL Verify Interactive  Deductive Reasoning,https://www.shl.com/products/product-catalog/view/shl-verify-interactive-deductive-reasoning/,If you choose to continue with your current browser we cannot guarantee your experience.,,Yes,Yes,Ability & Aptitude | Simulations
SHL Verify Interactive  Numerical Reasoning,https://www.shl.com/products/product-catalog/view/shl-verify-interactive-numerical-reasoning/,If you choose to continue with your current browser we cannot guarantee your experience.,,Yes,Yes,Ability & Aptitude | Simulations
SHL Verify Interactive G+,https://www.shl.com/products/product-catalog/view/shl-verify-interactive-g/,If you choose to continue with your current browser we cannot guarantee your experience.,,Yes,Yes,Ability & Aptitude
SHL Verify Interactive Numerical Calculation,https://www.shl.com/products/product-catalog/view/shl-verify-interactive-numerical-calculation/,If you choose to continue with your current browser we cannot guarantee your experience.,,Yes,Yes,Ability & Aptitude
Siebel Development (New),https://www.shl.com/products/product-catalog/view/siebel-development-new/,If you choose to continue with your current browser we cannot guarantee your experience.,,Yes,No,Knowledge & Skills
Smart Interview Live,https://www.shl.com/products/product-catalog/view/smart-interview-live/,If you choose to continue with your current browser we cannot guarantee your experience.,,Yes,No,Personality & Behavior
Smart Interview Live Coding,https://www.shl.com/products/product-catalog/view/smart-interview-live-coding/,If you choose to continue with your current browser we cannot guarantee your experience.,,Yes,No,Knowledge & Skills
Smart Interview On Demand,https://www.shl.com/products/product-catalog/view/smart-interview-on-demand/,If you choose to continue with your current browser we cannot guarantee your experience.,,Yes,No,Personality & Behavior
Social Media (New),https://www.shl.com/products/product-catalog/view/social-media-new/,If you choose to continue with your current browser we cannot guarantee your experience.,,Yes,No,Knowledge & Skills
Software Business Analysis,https://www.shl.com/products/product-catalog/view/software-business-analysis/,If you choose to continue with your current browser we cannot guarantee your experience.,,Yes,Yes,Knowledge & Skills
SonarQube (New),https://www.shl.com/products/product-catalog/view/sonarqube-new/,If you choose to continue with your current browser we cannot guarantee your experience.,,Yes,No,Knowledge & Skills
Spelling (U.S.) (New),https://www.shl.com/products/product-catalog/view/spelling-u-s-new/,If you choose to continue with your current browser we cannot guarantee your experience.,,Yes,No,Knowledge & Skills
Split Screen Typing Test - Form 1,https://www.shl.com/products/product-catalog/view/split-screen-typing-test-form-1/,If you choose to continue with your current browser we cannot guarantee your experience.,,Yes,No,Ability & Aptitude | Knowledge & Skills
Spring (New),https://www.shl.com/products/product-catalog/view/spring-new/,If you choose to continue with your current browser we cannot guarantee your experience.,,Yes,No,Knowledge & Skills
SQL (New),https://www.shl.com/products/product-catalog/view/sql-new/,If you choose to continue with your current browser we cannot guarantee your experience.,,Yes,No,Knowledge & Skills
SQL Server (New),https://www.shl.com/products/product-catalog/view/sql-server-new/,If you choose to continue with your current browser we cannot guarantee your experience.,,Yes,No,Knowledge & Skills
SQL Server Analysis Services (SSAS) (New),https://www.shl.com/products/product-catalog/view/sql-server-analysis-services-%28ssas%29-%28new%29/,If you choose to continue with your current browser we cannot guarantee your experience.,,Yes,No,Knowledge & Skills
SQL Server Integration Services (SSIS) (New),https://www.shl.com/products/product-catalog/view/sql-server-integration-services-ssis-new/,If you choose to continue with your current browser we cannot guarantee your experience.,,Yes,No,Knowledge & Skills
SQL Server Reporting Services (SSRS) (New),https://www.shl.com/products/product-catalog/view/sql-server-reporting-services-ssrs-new/,If you choose to continue with your current browser we cannot guarantee your experience.,,Yes,No,Knowledge & Skills
Statistical Analysis System (New),https://www.shl.com/products/product-catalog/view/statistical-analysis-system-new/,If you choose to continue with your current browser we cannot guarantee your experience.,,Yes,No,Knowledge & Skills
Struts (New),https://www.shl.com/products/product-catalog/view/struts-new/,If you choose to continue with your current browser we cannot guarantee your experience.,,Yes,No,Knowledge & Skills
SVAR - Spoken English (AUS),https://www.shl.com/products/product-catalog/view/svar-spoken-english-aus/,If you choose to continue with your current browser we cannot guarantee your experience.,,Yes,No,Simulations
SVAR - Spoken English (Indian Accent)  (New),https://www.shl.com/products/product-catalog/view/svar-spoken-english-indian-accent-new/,If you choose to continue with your current browser we cannot guarantee your experience.,,Yes,No,Simulations
SVAR - Spoken English (U.K.),https://www.shl.com/products/product-catalog/view/svar-spoken-english-u-k/,If you choose to continue with your current browser we cannot guarantee your experience.,,Yes,No,Simulations
SVAR - Spoken English (US)  (New),https://www.shl.com/products/product-catalog/view/svar-spoken-english-us-new/,If you choose to continue with your current browser we cannot guarantee your experience.,,Yes,No,Simulations
SVAR - Spoken French (Canadian) (New),https://www.shl.com/products/product-catalog/view/svar-spoken-french-canadian-new/,If you choose to continue with your current browser we cannot guarantee your experience.,,Yes,No,Simulations
SVAR - Spoken French (European) (New),https://www.shl.com/products/product-catalog/view/svar-spoken-french-european-new/,If you choose to continue with your current browser we cannot guarantee your experience.,,Yes,No,Simulations
SVAR - Spoken Spanish (Castilian) (New),https://www.shl.com/products/product-catalog/view/svar-spoken-spanish-castilian-new/,If you choose to continue with your current browser we cannot guarantee your experience.,,Yes,No,Simulations
SVAR - Spoken Spanish (North American) (New),https://www.shl.com/products/product-catalog/view/svar-spoken-spanish-north-american-new/,If you choose to continue with your current browser we cannot guarantee your experience.,,Yes,No,Simulations
Swing (New),https://www.shl.com/products/product-catalog/view/swing-new/,If you choose to continue with your current browser we cannot guarantee your experience.,,Yes,No,Knowledge & Skills
Tableau (New),https://www.shl.com/products/product-catalog/view/tableau-new/,If you choose to continue with your current browser we cannot guarantee your experience.,,Yes,No,Knowledge & Skills
Telecommunications Engineering (New),https://www.shl.com/products/product-catalog/view/telecommunications-engineering-new/,If you choose to continue with your current browser we cannot guarantee your experience.,,Yes,No,Knowledge & Skills
Teradata Development (New),https://www.shl.com/products/product-catalog/view/teradata-development-new/,If you choose to continue with your current browser we cannot guarantee your experience.,,Yes,No,Knowledge & Skills
Time Management (U.S.),https://www.shl.com/products/product-catalog/view/time-management-u-s/,If you choose to continue with your current browser we cannot guarantee your experience.,,Yes,Yes,Knowledge & Skills
Training Development,https://www.shl.com/products/product-catalog/view/training-development/,If you choose to continue with your current browser we cannot guarantee your experience.,,Yes,Yes,Knowledge & Skills
Typing (New),https://www.shl.com/products/product-catalog/view/typing-new/,If you choose to continue with your current browser we cannot guarantee your experience.,,Yes,No,Simulations
UiPath RPA Development (New),https://www.shl.com/products/product-catalog/view/uipath-rpa-development-new/,If you choose to continue with your current browser we cannot guarantee your experience.,,Yes,No,Knowledge & Skills
Universal Competency Framework Interview Guide,https://www.shl.com/products/product-catalog/view/universal-competency-framework-interview-guide/,If you choose to continue with your current browser we cannot guarantee your experience.,,Yes,No,Competencies | Personality & Behavior
Universal Competency Framework Job profiling guide,https://www.shl.com/products/product-catalog/view/universal-competency-framework-job-profiling-guide/,If you choose to continue with your current browser we cannot guarantee your experience.,,Yes,No,Competencies | Personality & Behavior
Universal Competency Framework Profiler Cards (44),https://www.shl.com/products/product-catalog/view/universal-competency-framework-profiler-cards-44/,If you choose to continue with your current browser we cannot guarantee your experience.,,Yes,No,Competencies | Personality & Behavior
UNIX (New),https://www.shl.com/products/product-catalog/view/unix-new/,If you choose to continue with your current browser we cannot guarantee your experience.,,Yes,No,Knowledge & Skills
VB.NET (New),https://www.shl.com/products/product-catalog/view/vb-net-new/,If you choose to continue with your current browser we cannot guarantee your experience.,,Yes,No,Knowledge & Skills
Verify - Deductive Reasoning,https://www.shl.com/products/product-catalog/view/verify-deductive-reasoning/,If you choose to continue with your current browser we cannot guarantee your experience.,,Yes,Yes,Ability & Aptitude
Verify - Following Instructions,https://www.shl.com/products/product-catalog/view/verify-following-instructions/,If you choose to continue with your current browser we cannot guarantee your experience.,,Yes,No,Ability & Aptitude
Verify - G+,https://www.shl.com/products/product-catalog/view/verify-g/,If you choose to continue with your current browser we cannot guarantee your experience.,,Yes,Yes,Ability & Aptitude
Verify - General Ability Screen,https://www.shl.com/products/product-catalog/view/verify-general-ability-screen/,If you choose to continue with your current browser we cannot guarantee your experience.,,Yes,Yes,Ability & Aptitude
Verify - Inductive Reasoning (2014),https://www.shl.com/products/product-catalog/view/verify-inductive-reasoning-2014/,If you choose to continue with your current browser we cannot guarantee your experience.,,Yes,Yes,Ability & Aptitude
Verify - Numerical Ability,https://www.shl.com/products/product-catalog/view/verify-numerical-ability/,If you choose to continue with your current browser we cannot guarantee your experience.,,Yes,Yes,Ability & Aptitude
Verify - Technical Checking - Next Generation,https://www.shl.com/products/product-catalog/view/verify-technical-checking-next-generation/,If you choose to continue with your current browser we cannot guarantee your experience.,,Yes,No,Ability & Aptitude
Verify - Verbal Ability - Next Generation,https://www.shl.com/products/product-catalog/view/verify-verbal-ability-next-generation/,If you choose to continue with your current browser we cannot guarantee your experience.,15.0,Yes,Yes,Ability & Aptitude
Verify - Working with Information,https://www.shl.com/products/product-catalog/view/verify-working-with-information/,If you choose to continue with your current browser we cannot guarantee your experience.,,Yes,No,Ability & Aptitude
Verify G+ - Ability Test Report,https://www.shl.com/products/product-catalog/view/verify-g-ability-test-report/,If you choose to continue with your current browser we cannot guarantee your experience.,,Yes,No,Ability & Aptitude
Verify G+ - Candidate Report,https://www.shl.com/products/product-catalog/view/verify-g-candidate-report/,If you choose to continue with your current browser we cannot guarantee your experience.,,Yes,No,Ability & Aptitude
Verify Interactive Ability Report,https://www.shl.com/products/product-catalog/view/verify-interactive-ability-report/,If you choose to continue with your current browser we cannot guarantee your experience.,,Yes,No,Ability & Aptitude
Verify Interactive G+ Candidate Report,https://www.shl.com/products/product-catalog/view/verify-interactive-g-candidate-report/,If you choose to continue with your current browser we cannot guarantee your experience.,,Yes,No,Ability & Aptitude
Verify Interactive G+ Report,https://www.shl.com/products/product-catalog/view/verify-interactive-g-report/,If you choose to continue with your current browser we cannot guarantee your experience.,,Yes,No,Ability & Aptitude
Verify Interactive Process Monitoring,https://www.shl.com/products/product-catalog/view/verify-interactive-process-monitoring/,If you choose to continue with your current browser we cannot guarantee your experience.,,Yes,No,Ability & Aptitude
Virtual Assessment and Development Centers,https://www.shl.com/products/product-catalog/view/virtual-assessment-and-development-centers/,If you choose to continue with your current browser we cannot guarantee your experience.,,Yes,No,Personality & Behavior
Visual Basic for Applications (New),https://www.shl.com/products/product-catalog/view/visual-basic-for-applications-new/,If you choose to continue with your current browser we cannot guarantee your experience.,,Yes,No,Knowledge & Skills
Visual Comparison - UK,https://www.shl.com/products/product-catalog/view/visual-comparison-uk/,If you choose to continue with your current browser we cannot guarantee your experience.,,Yes,No,Knowledge & Skills
Visual Comparison - US,https://www.shl.com/products/product-catalog/view/visual-comparison-us/,If you choose to continue with your current browser we cannot guarantee your experience.,,Yes,No,Knowledge & Skills
VLSI and Embedded Systems (New),https://www.shl.com/products/product-catalog/view/vlsi-and-embedded-systems-new/,If you choose to continue with your current browser we cannot guarantee your experience.,,Yes,No,Knowledge & Skills
What Is The Value - US,https://www.shl.com/products/product-catalog/view/what-is-the-value-us/,If you choose to continue with your current browser we cannot guarantee your experience.,,Yes,Yes,Knowledge & Skills
Workplace Administration Skills (New),https://www.shl.com/products/product-catalog/view/workplace-administration-skills-new/,If you choose to continue with your current browser we cannot guarantee your experience.,,Yes,No,Knowledge & Skills
Workplace Health and Safety (New),https://www.shl.com/products/product-catalog/view/workplace-health-and-safety-new/,If you choose to continue with your current browser we cannot guarantee your experience.,,Yes,No,Knowledge & Skills
WriteX - Email Writing (Customer Service) (New),https://www.shl.com/products/product-catalog/view/writex-email-writing-customer-service-new/,If you choose to continue with your current browser we cannot guarantee your experience.,,Yes,No,Simulations
WriteX - Email Writing (Managerial) (New),https://www.shl.com/products/product-catalog/view/writex-email-writing-managerial-new/,If you choose to continue with your current browser we cannot guarantee your experience.,,Yes,No,Simulations
WriteX - Email Writing (Sales) (New),https://www.shl.com/products/product-catalog/view/writex-email-writing-sales-new/,If you choose to continue with your current browser we cannot guarantee your experience.,,Yes,No,Biodata & Situational Judgement | Simulations
Written English v1,https://www.shl.com/products/product-catalog/view/written-english-v1/,If you choose to continue with your current browser we cannot guarantee your experience.,,Yes,Yes,Knowledge & Skills
Written Spanish,https://www.shl.com/products/product-catalog/view/written-spanish/,If you choose to continue with your current browser we cannot guarantee your experience.,,Yes,Yes,Knowledge & Skills
Zabbix (New),https://www.shl.com/products/product-catalog/view/zabbix-new/,If you choose to continue with your current browser we cannot guarantee your experience.,,Yes,No,Knowledge & Skills
360 Digital Report,https://www.shl.com/products/product-catalog/view/360-digital-report/,If you choose to continue with your current browser we cannot guarantee your experience.,,Yes,No,Development & 360
360 Multi-Rater Feedback System (MFS),https://www.shl.com/products/product-catalog/view/360-multi-rater-feedback-system-mfs/,If you choose to continue with your current browser we cannot guarantee your experience.,,Yes,No,Development & 360 | Personality & Behavior
